value_ns,percentile,cumulative_count
0.0,30.136353,627554
10.0,99.978486,2081934
20.0,100.000000,2082382
