value_ns,percentile,cumulative_count
0.0,41.606441,866435
10.0,99.986314,2082169
20.0,100.000000,2082454
